title,link,description,bloggername,bloggerlink,postdate
<b>부산</b> 정관 마라탕 <b>맛집</b> 추천 아라마라탕,https://blog.naver.com/lion00_/223589406196,오늘 소개할 <b>맛집</b>은 정관의 '아라마라탕'! 평소에 자주 가는 집인데 오늘 한 번 소개해보려고 한다 <b>부산</b>광역시 기장군 정관로 565 1층 입구 사진 매일 11:00~22:00 상가 지하에 주차 가능하고 가게 뒤쪽으로... ,공공이의 블로그✎,blog.naver.com/lion00_,20240920
"<b>부산</b> 해운대 달맞이점, 망고빙수 카페 망고루",https://blog.naver.com/ohfast/223589406224,#망고루 #부산망고빙수 #부산망고루 #부산해운대 #부산해운대빙수 #부산빙수맛집 #해운대망고빙수 #망고루망고빙수 #망고빙수 #망빙 #부산망빙 #<b>부산맛집</b> #내돈내산 #해운대빙수 #서이추환영,ᰔღ life is made of small moments like this ღᰔ,blog.naver.com/ohfast,20240920
남천동 <b>맛집</b> 뉴러우멘관즈 미쉐린선정 우육면 대만음식점,https://blog.naver.com/awe_xome/223589405592,내는 <b>부산 맛집</b>이다. 부산 미쉐린 맛집 웨이팅 남천동 맛집 뉴러우멘관즈 웨이팅 언제나 이 골목을 지날 때면 항상 사람들이 많아서 몇 년 전부터 가고 싶었던 곳인데 올해 미쉐린에 선정되면서 '아 이제는... ,"Collect moment, Fill your life",blog.naver.com/awe_xome,20240920
<b>부산</b>연제구<b>맛집</b>!!노상<b>맛집</b>!!맥시칸토현점,https://blog.naver.com/tjsdo722/223589403747,주차는 갓길이랑 유료주차장이있다고는 하는데요~버스타시거나 택시타고 가시는게 더좋아요~^^ #<b>부산맛집</b>#연제구맛집#망미동맛집#부산노상맛집 #부산맥시칸치킨#맥시칸치킨#맥시칸치킨토현점#부산내돈내산맛집,seon_93,blog.naver.com/tjsdo722,20240920
우육면 <b>부산</b> 뉴러우멘관즈 남천동<b>맛집</b> 인정입니다,https://okayer.tistory.com/558,"<b>부산 맛집</b>들 중 부산 우육면맛집은 처음이라 기대를 하고 갔는데 기대를 저버리지 않는 맛에 감동받고 온 후기입니다. 부산우육면 맛집, 메뉴 살펴보기 뉴러우멘은 소고기면을 의미, 관저는 집을 의미해서... ",부산 에디터 장그린,https://okayer.tistory.com/,20240920
<b>부산</b> 반송 쌀국수 <b>맛집</b> '베트남 쌀국수',https://blog.naver.com/yegeuli/223589393820,같이 먹으러 가보시죠 <b>부산</b> 해운대구 아랫반송로 49번길 62-26 ⏲(영업시간을 아직 정확하게 몰라서 다음번에 알게 되면 댓글에 적어둘게요!) ***.****.**** 주차장X(갓길 주차하셔야 하는데 가끔 주차단속이... ,예글거림,blog.naver.com/yegeuli,20240920
[<b>부산</b>대 <b>맛집</b>/카페] 내가 먹어본 음식들을 아르켜줄게,https://blog.naver.com/o4o8l2/223589392944,"다 <b>부산</b>대 근처에 있어요 !!  리코타 치즈 샐러드 (10,900원) 오늘도 다녀온 레오앤아그너스 !! 2학기... 같은데 <b>맛집</b> 추천은 또 얼마나 늘지 기대가 되는군요.. 솔직히 저가 좀 먹보라서 웬만한건 다 맛있어요..... ",ℋ,blog.naver.com/o4o8l2,20240920
2024-09-20 금요일,https://blog.naver.com/vinceresooho2024/223589380131,남포동맛집 #자갈치 #부산가볼만한곳 #<b>부산맛집</b> #인천가볼만한곳 #인천맛집 #닭강정 #신포닭강정 #월미도 #연안부두 #맥아더장군 #용유도 #대부도 #제부도 #영종도 #아라뱃길 #춘천가볼만한곳 #신림역... ,VINCERESOOHO 1인회사,blog.naver.com/vinceresooho2024,20240920
<b>부산</b> 서면<b>맛집</b> “춘하추동밀면” 밀면<b>맛집</b> 시원한 여름<b>맛집</b>... ,https://blog.naver.com/wlstkd41/223589379385,차를 들고가시면 주차하기가 불편하니 대중교통 이용하시는걸 추천드립니다. #서면맛집 #밀면맛집 #시민공원 #물밀면 #비빔밀면 #만두 #편육 #점심맛집 #데이트 #소개팅 #밀면 #<b>부산맛집</b> #부산진경찰서,그집맛집,blog.naver.com/wlstkd41,20240920
<b>부산</b> 카페 추천: 오션뷰 디저트 <b>맛집</b> 기장 일광 리투커피바,https://blog.naver.com/richeto/223589375536,"오늘은 <b>부산</b>의 숨겨진 보석 같은 카페 리투커피바에 대해 소개할게요. 이곳은 바다를 바라보며 커피 한... &amp; 리투커피바는 기장 일광 디저트 <b>맛집</b>으로도 유명한데요, 그중 특히 유명한 부드럽고 진한 맛의... ",리체토의 일상기록,blog.naver.com/richeto,20240920
<b>부산</b> 커넥트현대 ai포토부스 애니모먼트 <b>부산</b> 아이랑 실내... ,https://blog.naver.com/sej9360/223589373981,등 <b>부산 맛집</b>도 경험해 볼 수 있고요 주차장을 제외한 지하 2층 마켓 125부터 지상 9층까지 부산 커넥트현대에서 실내에서 충분히 놀 수 있는 공간이 마련되어 있어요 그중에서도 7층 키즈 플레이그라운드에는... ,금지네:-),blog.naver.com/sej9360,20240920
제일밀냉면(<b>부산</b> 진구),https://blog.naver.com/yyhsr486/223589366566,라 하면 이해가 되시겠쥬? 그치만 여기 온육수는 진리 입니데이~ 난 이거 먹으러 또 갈래여&gt;&lt; #밀면#냉면#맛집#육수맛집#제일밀냉면#<b>부산맛집</b>#진구맛집#당감맛집#여름별미#또갈래#어디갈래,내멋내맛,blog.naver.com/yyhsr486,20240920
[<b>부산</b> 사상구] 국밥 유명집 ‘합천일류돼지국밥’ 솔직 후기,https://blog.naver.com/jues6829/223589365233,#합천일류돼지국밥 #부산국밥 #부산국밥맛집 #부산사상국밥 #사상국밥 #국밥맛집추천 #부산국밥맛집추천 #부산국밥여행 #사상국밥맛집 #<b>부산맛집</b>추천 #사상맛집추천 #사상맛집 #부산또간집국밥 #또간집국밥... ,소박하고 재밌는 집,blog.naver.com/jues6829,20240920
<b>부산</b> 기장 아난티 <b>맛집</b> 바보낙지 내돈내산 후기,https://blog.naver.com/pinkpianostar/223589361952,모임 장소로 한번 쯤 방문 해 볼만 했던 것 같습니다. 주말 1시간 웨이팅은 음 글쎄요... 이상 부산 기장 바보낙지 후기 였습니다. 감사합니다. #<b>부산맛집</b> #기장맛집 #기장아난티맛집 #해동용궁사맛집 #바보낙지,핑크스타 맛집 월드,blog.naver.com/pinkpianostar,20240920
<b>부산</b> 센텀 <b>맛집</b> 수변최고돼지국밥 벡스코 웨이팅 주차,https://blog.naver.com/gpdnjs5278/223589359175,5번 가까이 방문한 재방문 <b>맛집</b> <b>부산</b> 벡스코 <b>맛집</b> 수최국 영업정보 <b>부산</b> 해운대구 센텀3로 26 2층 지하철 2호선 센텀시티역 3번 출구에서 188m 영업시간 매일 08:00 - 22:00 0507-1481-8897 건물 전용 주차장에 주차 또는... ,로로당,blog.naver.com/gpdnjs5278,20240920
